r,u,v,VE,proxy_score,beam,trans,branch,mode,expanded_states,generated_transitions,final_beam_size,certified_no_truncation
2,0xf0067000,0x9dd406ff,-0.09375,0.584962500721156181474059,1000000,100000,16,aggregate,401,2447504,13360,1
2,0xf0067000,0x9dd40e77,0.09375,0.584962500721156181474059,1000000,100000,16,aggregate,401,2447504,13360,1
2,0xf0067000,0xddd002ff,-0.09375,0.584962500721156181474059,1000000,100000,16,aggregate,401,2447504,13360,1
2,0xf0067000,0xddd00a77,0.09375,0.584962500721156181474059,1000000,100000,16,aggregate,401,2447504,13360,1
2,0xf0067000,0x1ddc0277,-0.0703125,0.169925001442312362948117,1000000,100000,16,aggregate,401,2447504,13360,1
2,0xf0067000,0x1ddc0aff,0.0703125,0.169925001442312362948117,1000000,100000,16,aggregate,401,2447504,13360,1
2,0xf0067000,0x5dd80677,-0.0703125,0.169925001442312362948117,1000000,100000,16,aggregate,401,2447504,13360,1
2,0xf0067000,0x5dd80eff,0.0703125,0.169925001442312362948117,1000000,100000,16,aggregate,401,2447504,13360,1
