r,u,v,VE,proxy_score,beam,trans,branch,mode,expanded_states,generated_transitions,final_beam_size,certified_no_truncation
2,0x83000070,0x000003a3,-0.078125,0.321928094887362347808341,1000000,100000,16,aggregate,1001,6378524,24730,1
2,0x83000070,0x00000b2b,0.078125,0.321928094887362347808341,1000000,100000,16,aggregate,1001,6378524,24730,1
2,0x830000d0,0x00000424,-0.09375,0.584962500721156181474059,1000000,100000,16,aggregate,1001,6341864,25360,1
2,0x830000d0,0x00000cac,0.09375,0.584962500721156181474059,1000000,100000,16,aggregate,1001,6341864,25360,1
