r,u,v,VE,proxy_score,beam,trans,branch,mode,expanded_states,generated_transitions,final_beam_size,certified_no_truncation
2,0x890000d0,0x00000626,0.125,1,1000000,100000,16,aggregate,1001,6127544,20960,1
2,0x890000d0,0x00000eae,-0.125,1,1000000,100000,16,aggregate,1001,6127544,20960,1
2,0x890000d0,0x00000121,-0.09375,0.584962500721156181474059,1000000,100000,16,aggregate,1001,6127544,20960,1
2,0x890000d0,0x000009a9,0.09375,0.584962500721156181474059,1000000,100000,16,aggregate,1001,6127544,20960,1
2,0x8900b000,0x488c0626,0.078125,0.321928094887362347808341,1000000,100000,16,aggregate,1001,6479480,19670,1
2,0x8900b000,0x488c0eae,-0.078125,0.321928094887362347808341,1000000,100000,16,aggregate,1001,6479480,19670,1
2,0x8900d000,0x41150626,0.078125,0.321928094887362347808341,1000000,100000,16,aggregate,1001,6197480,22640,1
2,0x8900d000,0x41150eae,-0.078125,0.321928094887362347808341,1000000,100000,16,aggregate,1001,6197480,22640,1
