r,u,v,VE,proxy_score,beam,trans,branch,mode,expanded_states,generated_transitions,final_beam_size,certified_no_truncation
2,0x87000030,0x000003a3,-0.078125,0.321928094887362347808341,1000000,100000,16,aggregate,1001,6378524,23720,1
2,0x87000030,0x00000b2b,0.078125,0.321928094887362347808341,1000000,100000,16,aggregate,1001,6378524,23720,1
2,0x87000060,0x000007a7,0.109375,0.807354922057604107487119,1000000,100000,16,aggregate,401,2580512,24360,1
2,0x87000060,0x00000f2f,-0.109375,0.807354922057604107487119,1000000,100000,16,aggregate,401,2580512,24360,1
