r,u,v,VE,proxy_score,beam,trans,branch,mode,expanded_states,generated_transitions,final_beam_size,certified_no_truncation
2,0x0080c800,0x01310000,0.09375,0.584962500721156181474059,1000000,100000,16,aggregate,1001,5679992,9976,1
2,0x0080c800,0x01710000,0.09375,0.584962500721156181474059,1000000,100000,16,aggregate,1001,5679992,9976,1
2,0x0080c800,0x05350000,-0.09375,0.584962500721156181474059,1000000,100000,16,aggregate,1001,5679992,9976,1
2,0x0080c800,0x05750000,-0.09375,0.584962500721156181474059,1000000,100000,16,aggregate,1001,5679992,9976,1
2,0x0080c800,0x09b90000,-0.09375,0.584962500721156181474059,1000000,100000,16,aggregate,1001,5679992,9976,1
2,0x0080c800,0x09f90000,0.09375,0.584962500721156181474059,1000000,100000,16,aggregate,1001,5679992,9976,1
2,0x0080c800,0x0dbd0000,0.09375,0.584962500721156181474059,1000000,100000,16,aggregate,1001,5679992,9976,1
2,0x0080c800,0x0dfd0000,-0.09375,0.584962500721156181474059,1000000,100000,16,aggregate,1001,5679992,9976,1
