r,u,v,VE,proxy_score,beam,trans,branch,mode,expanded_states,generated_transitions,final_beam_size,certified_no_truncation
2,0x8a0000e0,0x00000525,0.109375,0.807354922057604107487119,1000000,100000,16,aggregate,1001,6128672,24590,1
2,0x8a0000e0,0x00000dad,-0.109375,0.807354922057604107487119,1000000,100000,16,aggregate,1001,6128672,24590,1
