r,u,v,VE,proxy_score,beam,trans,branch,mode,expanded_states,generated_transitions,final_beam_size,certified_no_truncation
2,0x86000070,0x000007a7,0.109375,0.807354922057604107487119,1000000,100000,16,aggregate,401,2467712,22450,1
2,0x86000070,0x00000f2f,-0.109375,0.807354922057604107487119,1000000,100000,16,aggregate,401,2467712,22450,1
