r,u,v,VE,proxy_score,beam,trans,branch,mode,expanded_states,generated_transitions,final_beam_size,certified_no_truncation
2,0x850000d0,0x00000626,0.09375,0.584962500721156181474059,1000000,100000,16,aggregate,1001,6341864,23870,1
2,0x850000d0,0x00000eae,-0.09375,0.584962500721156181474059,1000000,100000,16,aggregate,1001,6341864,23870,1
