{
  "audit_rows": 138338,
  "certified_no_truncation_rows": 138338,
  "certified_no_truncation_rows_valid": 138338,
  "duplicate_uv_rows": 0,
  "expanded_states_median_per_ru": 101,
  "expanded_states_p95_per_ru": 401,
  "generated_transitions_median_per_ru": 68420,
  "generated_transitions_p95_per_ru": 2648720,
  "max_expanded_states_per_unique_ru": 1001,
  "max_final_beam_size_per_unique_ru": 46453,
  "max_generated_transitions_per_unique_ru": 7578152,
  "max_generated_transitions_ratio_to_2_32": 0.0017644260078668594,
  "ru_expanded_states_ge_2_32": 0,
  "ru_generated_transitions_ge_2_32": 0,
  "submit_rows": 138338,
  "unique_ru": 4760,
  "unique_uv": 138338,
  "valid_rows": 138338,
  "valid_rows_by_r": {
    "1": 288,
    "2": 90236,
    "3": 47814
  },
  "valid_rows_by_score": {
    "0.0443941193584533877469767": 457,
    "0.087462841250339096177413": 616,
    "0.1292830169449663557657": 60,
    "0.169925001442312151311853": 12786,
    "0.209453365628950116672513": 40,
    "0.247927513443585212371545": 344,
    "0.285402218862248258091086": 140,
    "0.285402218862248702180295": 52,
    "0.321928094887362181708568": 9878,
    "0.321928094887362625797778": 5314,
    "0.357552004618083785203453": 36,
    "0.392317422778760249713059": 14,
    "0.392317422778760693802269": 168,
    "0.426264754702097903305003": 24,
    "0.45943161863729731209105": 2697,
    "0.491853096329674777109631": 98,
    "0.52356195605701305595403": 98,
    "0.554588851677637606485405": 8,
    "0.584962500721156075655927": 45281,
    "0.614709844115208348114265": 4,
    "0.643856189774724363417135": 52,
    "0.67242534197149517183334": 12,
    "0.700439718141091738345949": 216,
    "0.700439718141092182435159": 1012,
    "0.727920454563198759956322": 8,
    "0.75488750216346822696778": 26,
    "0.754887502163468671056989": 76,
    "0.807354922057603729967923": 1960,
    "0.807354922057604174057133": 500,
    "0.857980995127571866021299": 16,
    "0.882643049361841569577791": 4,
    "0.906890595608518701453704": 1093,
    "0.930737337562886679620533": 4,
    "0.954196310386874912978783": 4,
    "1": 36477,
    "1.04439411935845338774698": 4,
    "1.08746284125033909617741": 116,
    "1.08746284125033954026662": 8,
    "1.1292830169449663557657": 6,
    "1.16992500144231215131185": 2185,
    "1.20945336562895011667251": 4,
    "1.24792751344358521237154": 56,
    "1.2854022188622487021803": 2,
    "1.32192809488736218170857": 1906,
    "1.32192809488736262579778": 2718,
    "1.39231742277876024971306": 12,
    "1.39231742277876069380227": 12,
    "1.45943161863729731209105": 276,
    "1.52356195605701305595403": 2,
    "1.58496250072115607565593": 5869,
    "1.70043971814109173834595": 140,
    "1.75488750216346822696778": 2,
    "1.80735492205760372996792": 778,
    "1.80735492205760417405713": 312,
    "1.8579809951275718660213": 8,
    "1.9068905956085187014537": 36,
    "2": 3078,
    "2.08746284125033954026662": 24,
    "2.16992500144231215131185": 242,
    "2.24792751344358565646075": 20,
    "2.32192809488736218170857": 310,
    "2.39231742277876024971306": 4,
    "2.45943161863729731209105": 114,
    "2.58496250072115607565593": 272,
    "2.70043971814109218243516": 42,
    "2.80735492205760417405713": 10,
    "2.9068905956085187014537": 6,
    "3": 154,
    "3.16992500144231215131185": 16,
    "3.58496250072115607565593": 16,
    "4": 3
  },
  "ve_mismatch_rows": 0,
  "ve_mismatch_rows_valid": 0,
  "worst_ru_by_generated_transitions_top10": [
    {
      "expanded_states": 1001,
      "final_beam_size": 13360,
      "generated_transitions": 7578152,
      "r": 2,
      "u": "0x800a7000"
    },
    {
      "expanded_states": 1001,
      "final_beam_size": 13360,
      "generated_transitions": 7094504,
      "r": 2,
      "u": "0xf000700a"
    },
    {
      "expanded_states": 1001,
      "final_beam_size": 13360,
      "generated_transitions": 7094504,
      "r": 2,
      "u": "0xf00a7000"
    },
    {
      "expanded_states": 1001,
      "final_beam_size": 10800,
      "generated_transitions": 6883304,
      "r": 2,
      "u": "0x80075000"
    },
    {
      "expanded_states": 1001,
      "final_beam_size": 9840,
      "generated_transitions": 6883304,
      "r": 2,
      "u": "0x80097000"
    },
    {
      "expanded_states": 1001,
      "final_beam_size": 10400,
      "generated_transitions": 6883304,
      "r": 2,
      "u": "0x800b5000"
    },
    {
      "expanded_states": 1001,
      "final_beam_size": 9520,
      "generated_transitions": 6883304,
      "r": 2,
      "u": "0x800c7000"
    },
    {
      "expanded_states": 1001,
      "final_beam_size": 13520,
      "generated_transitions": 6883304,
      "r": 2,
      "u": "0x800d5000"
    },
    {
      "expanded_states": 1001,
      "final_beam_size": 9600,
      "generated_transitions": 6883304,
      "r": 2,
      "u": "0x800e5000"
    },
    {
      "expanded_states": 1001,
      "final_beam_size": 19272,
      "generated_transitions": 6487304,
      "r": 2,
      "u": "0xf0007a00"
    }
  ],
  "zero_u_rows": 0,
  "zero_v_rows": 0,
  "zero_ve_rows": 0,
  "zero_vt_rows": 0
}
