r,u,v,VE,proxy_score,beam,trans,branch,mode,expanded_states,generated_transitions,final_beam_size,certified_no_truncation
2,0xf00010f0,0x10010777,-0.078125,0.321928094887362347808341,1000000,100000,16,aggregate,1001,635480,1730,1
2,0xf00010f0,0x10010fff,0.078125,0.321928094887362347808341,1000000,100000,16,aggregate,1001,635480,1730,1
2,0xf00010f0,0x6ff90777,-0.078125,0.321928094887362347808341,1000000,100000,16,aggregate,1001,635480,1730,1
2,0xf00010f0,0x6ff90fff,0.078125,0.321928094887362347808341,1000000,100000,16,aggregate,1001,635480,1730,1
2,0xf00010f0,0xd8850777,0.078125,0.321928094887362347808341,1000000,100000,16,aggregate,1001,635480,1730,1
2,0xf00010f0,0xd8850fff,-0.078125,0.321928094887362347808341,1000000,100000,16,aggregate,1001,635480,1730,1
