r,u,v,VE,proxy_score,beam,trans,branch,mode,expanded_states,generated_transitions,final_beam_size,certified_no_truncation
2,0xf0097000,0xedd301ff,-0.09375,0.584962500721156181474059,1000000,100000,16,aggregate,1001,6444008,9840,1
2,0xf0097000,0xedd30977,0.09375,0.584962500721156181474059,1000000,100000,16,aggregate,1001,6444008,9840,1
2,0xf0097000,0x4dd90177,0.0703125,0.169925001442312362948117,1000000,100000,16,aggregate,1001,6444008,9840,1
2,0xf0097000,0x4dd909ff,-0.0703125,0.169925001442312362948117,1000000,100000,16,aggregate,1001,6444008,9840,1
2,0xf0097000,0x6ddb0377,0.0703125,0.169925001442312362948117,1000000,100000,16,aggregate,1001,6444008,9840,1
2,0xf0097000,0x6ddb0bff,-0.0703125,0.169925001442312362948117,1000000,100000,16,aggregate,1001,6444008,9840,1
