r,u,v,VE,proxy_score,beam,trans,branch,mode,expanded_states,generated_transitions,final_beam_size,certified_no_truncation
2,0xf0037000,0x4dd90377,-0.09375,0.584962500721156181474059,1000000,100000,16,aggregate,1001,6444008,15040,1
2,0xf0037000,0x4dd90bff,0.09375,0.584962500721156181474059,1000000,100000,16,aggregate,1001,6444008,15040,1
2,0xf0037000,0x6ddb0177,-0.0703125,0.169925001442312362948117,1000000,100000,16,aggregate,1001,6444008,15040,1
2,0xf0037000,0x6ddb09ff,0.0703125,0.169925001442312362948117,1000000,100000,16,aggregate,1001,6444008,15040,1
