r,u,v,VE,proxy_score,beam,trans,branch,mode,expanded_states,generated_transitions,final_beam_size,certified_no_truncation
2,0x0080a800,0x00200000,-0.09375,0.584962500721156181474059,1000000,100000,16,aggregate,1001,6067196,24940,1
2,0x0080a800,0x04240000,0.09375,0.584962500721156181474059,1000000,100000,16,aggregate,1001,6067196,24940,1
2,0x0080a800,0x08a80000,0.09375,0.584962500721156181474059,1000000,100000,16,aggregate,1001,6067196,24940,1
2,0x0080a800,0x0cac0000,-0.09375,0.584962500721156181474059,1000000,100000,16,aggregate,1001,6067196,24940,1
